Workbook
Name 기준요율: 기준!$B$8
Name 대장범위: 대장!$A$3:$F$19
Name 성과가산: 300000
Name 정산대상: 정산!$A$3:$A$5

Sheet 대장
A1: 부서 매출 관리대장 (2026년 상반기)
A2: 작성: 전임자
A3: 일자 | B3: 부서 | C3: 구분 | D3: 금액 | E3: 담당 | F3: 비고
A4: 2026-01-08 | B4: 영업1팀 | C4: 정기 | D4: 1240000 | E4: 김선우
A5: 2026-01-15 | B5: 영업 1팀 | C5: 신규 | D5: 880000 | E5: 김선우 | F5: 분기 이월
A6: 2026.01.22 | B6: 영업2팀 | C6: 정기 | D6: 3050000 | E6: 박도현
A7: 2026-02-03 | B7: 영업2팀 | C7: 신규 | D7: 2100000 | E7: 박도현
A8: 2026년 2월 14일 | B8: 영업1 팀 | C8: 정기 | D8: 1760000 | E8: 김선우
A9: 2026-02-27 | B9: 영업3팀 | C9: 신규 | D9: 4310000 | E9: 이하람 | F9: 특판
A10: 2026-03-05 | B10: 영업3팀 | C10: 정기 | D10: 2650000 | E10: 이하람
A11: 2026-03-11 | B11: 영업1팀 | C11: 신규 | D11: 1020000 | E11: 정유진
A13: 2026-03-19 | B13: 영업2팀 | C13: 정기 | D13: 3480000 | E13: 박도현
A14: 2026-03-26 | B14: 영업 2팀 | C14: 신규 | D14: 1950000 | E14: 정유진 | F14: 재계약
A15: 2026-04-02 | B15: 영업3팀 | C15: 정기 | D15: 2240000 | E15: 이하람
A16: 2026-04-16 | B16: 영업1팀 | C16: 정기 | D16: 1430000 | E16: 김선우
A17: 2026.04.23 | B17: 영업2팀 | C17: 신규 | D17: 2870000 | E17: 박도현
A18: 2026-05-07 | B18: 영업3팀 | C18: 신규 | D18: 3760000 | E18: 정유진
A19: 2026-05-21 | B19: 영업1팀 | C19: 정기 | D19: 1580000 | E19: 김선우 | F19: 단가 조정

Sheet 기준
A1: 부서별 목표와 요율
A2: 부서 | B2: 목표금액 | C2: 적용요율
A3: 영업1팀 | B3: 6000000 | C3: 0.04
A4: 영업2팀 | B4: 12000000 | C4: 0.045
A5: 영업3팀 | B5: 11000000 | C5: 0.05
A7: 구분 | B7: 요율
A8: 정기 | B8: 0.03
A9: 신규 | B9: 0.05
A10: 특판 | B10: 0.07

Sheet 정산
A1: 부서별 정산
A2: 부서 | B2: 매출합계 | C2: 달성률 | D2: 정산액
A3: 영업1팀 | B3: =SUMIF(대장!$B$4:$B$19,A3,대장!$D$4:$D$19) -> 5270000 | C3: =IFERROR(B3/VLOOKUP(A3,기준!$A$3:$B$5,2,FALSE),"") -> 0.87833333 | D3: =IFERROR(ROUND(IF(SUMIF(대장!$B$4:$B$19,A3,대장!$D$4:$D$19)>=VLOOKUP(A3,기준!$A$3:$B$5,2,FALSE),SUMIF(대장!$B$4:$B$19,A3,대장!$D$4:$D$19)*기준요율+IF(COUNTIF(대장!$B$4:$B$19,A3)>4,성과가산,0),SUMIF(대장!$B$4:$B$19,A3,대장!$D$4:$D$19)*기준요율*0.5),-3),0) -> 79000
A4: 영업2팀 | B4: =SUMIF(대장!$B$4:$B$19,A4,대장!$D$4:$D$19) -> 11500000 | C4: =IFERROR(B4/VLOOKUP(A4,기준!$A$3:$B$5,2,FALSE),"") -> 0.95833333 | D4: =IFERROR(ROUND(IF(SUMIF(대장!$B$4:$B$19,A4,대장!$D$4:$D$19)>=VLOOKUP(A4,기준!$A$3:$B$5,2,FALSE),SUMIF(대장!$B$4:$B$19,A4,대장!$D$4:$D$19)*기준요율+IF(COUNTIF(대장!$B$4:$B$19,A4)>4,성과가산,0),SUMIF(대장!$B$4:$B$19,A4,대장!$D$4:$D$19)*기준요율*0.5),-3),0) -> 173000
A5: 영업3팀 | B5: =SUMIF(대장!$B$4:$B$19,A5,대장!$D$4:$D$19) -> 12960000 | C5: =IFERROR(B5/VLOOKUP(A5,기준!$A$3:$B$5,2,FALSE),"") -> 1.1781818 | D5: =IFERROR(ROUND(IF(SUMIF(대장!$B$4:$B$19,A5,대장!$D$4:$D$19)>=VLOOKUP(A5,기준!$A$3:$B$5,2,FALSE),SUMIF(대장!$B$4:$B$19,A5,대장!$D$4:$D$19)*기준요율+IF(COUNTIF(대장!$B$4:$B$19,A5)>4,성과가산,0),SUMIF(대장!$B$4:$B$19,A5,대장!$D$4:$D$19)*기준요율*0.5),-3),0) -> 389000
A7: 합계 | B7: =SUM(B3:B5) -> 29730000 | D7: =SUM(D3:D5) -> 641000

Sheet 월별
A1: 월 | B1: 매출
A2: 1월 | B2: 5170000
A3: 2월 | B3: 8170000
A4: 3월 | B4: 9340000
A5: 4월 | B5: 6540000
A6: 5월 | B6: 5340000

Sheet 담당자
A1: 이름 | B1: 소속 | C1: 입사일
A2: 김선우 | B2: 영업1팀 | C2: 2024-03-01
A3: 박도현 | B3: 영업2팀 | C3: 2023-11-15
A4: 이하람 | B4: 영업3팀 | C4: 2025-01-06
A5: 정유진 | B5: 영업1팀 | C5: 2025-09-01

Sheet 백업_0402
A1: 2026-04-02 백업본
A2: 일자 | B2: 부서 | C2: 금액
A3: 2026-01-08 | B3: 영업1팀 | C3: 1240000
A4: 2026-01-15 | B4: 영업 1팀 | C4: 880000
A5: 2026.01.22 | B5: 영업2팀 | C5: 3050000
A6: 2026-02-03 | B6: 영업2팀 | C6: 2100000
A7: 2026년 2월 14일 | B7: 영업1 팀 | C7: 1760000
A8: 2026-02-27 | B8: 영업3팀 | C8: 4310000

Sheet 읽어주세요
A1: 이 파일은 2024년부터 쓰던 양식입니다.
A2: 정산 시트 D열 수식은 전임자가 만든 것으로, 손대기 전에 반드시 사본을 두세요.
A3: 부서 이름 표기가 일부 다릅니다. 고치다가 합계가 틀어진 적이 있습니다.
A4: 백업_0402 시트는 지워도 되는지 아무도 모릅니다.

Sheet 대조
A1: 부서 | B1: 항목 | C1: 엑셀 | D1: 화면 | E1: 손으로 | F1: 같은가
A2: 영업1팀 | B2: 매출합계 | C2: =정산!B3 -> 5270000 | D2: 5270000 | E2: =SUMIF(대장!$B$4:$B$19,A2,대장!$D$4:$D$19) -> 5270000 | F2: =IF(C2=D2,"같음","다름") -> 같음
A3: 영업1팀 | B3: 정산액 | C3: =정산!D3 -> 79000 | D3: 79000 | E3: =C3 -> 79000 | F3: =IF(C3=D3,"같음","다름") -> 같음
A4: 영업2팀 | B4: 매출합계 | C4: =정산!B4 -> 11500000 | D4: 11500000 | E4: =SUMIF(대장!$B$4:$B$19,A4,대장!$D$4:$D$19) -> 11500000 | F4: =IF(C4=D4,"같음","다름") -> 같음
A5: 영업2팀 | B5: 정산액 | C5: =정산!D4 -> 173000 | D5: 173000 | E5: =C5 -> 173000 | F5: =IF(C5=D5,"같음","다름") -> 같음
A6: 영업3팀 | B6: 매출합계 | C6: =정산!B5 -> 12960000 | D6: 12960000 | E6: =SUMIF(대장!$B$4:$B$19,A6,대장!$D$4:$D$19) -> 12960000 | F6: =IF(C6=D6,"같음","다름") -> 같음
A7: 영업3팀 | B7: 정산액 | C7: =정산!D5 -> 389000 | D7: 389000 | E7: =C7 -> 389000 | F7: =IF(C7=D7,"같음","다름") -> 같음
A8: 합계 | B8: 매출합계 | C8: =정산!B7 -> 29730000 | D8: 29730000 | E8: =E2+E4+E6 -> 29730000 | F8: =IF(C8=D8,"같음","다름") -> 같음
A9: 합계 | B9: 정산액 | C9: =정산!D7 -> 641000 | D9: 641000 | E9: =C9 -> 641000 | F9: =IF(C9=D9,"같음","다름") -> 같음
