Workbook
Name 기준요율: 기준!$B$8
Name 대장범위: 대장!$A$3:$F$19
Name 성과가산: 300000
Name 정산대상: 정산!$A$3:$A$5

Sheet 검산
A1: 검산 날짜 | B1: 46286
A2: 고친 것 1: 대장 1·2행 제목 병합을 풀었다(값은 A1·A2 한 칸에만)
A3: 고친 것 2: 대장 A열 글자 날짜를 날짜로 바꿨다
A4: 고친 것 3: 대장 B열 부서 이름의 공백을 모두 뺐다
A6: 항목 | B6: 정리 전 | C6: 정리 후 | D6: 같은가
A7: 부서가 적힌 행 수 | B7: ='정리 전'!B2 -> 15 | C7: =COUNTA(대장!B4:B19) -> 15 | D7: =IF(B7=C7,"같음","다름") -> 같음
A8: 금액 합계 | B8: ='정리 전'!B3 -> 34320000 | C8: =SUM(대장!D4:D19) -> 34320000 | D8: =IF(B8=C8,"같음","다름") -> 같음
A9: 부서 표기 수 | B9: ='정리 전'!B4 -> 6 | C9: =SUMPRODUCT((대장!B4:B19<>"")/COUNTIF(대장!B4:B19,대장!B4:B19&"")) -> 3 | D9: 3가지가 되어야 함

Sheet 날짜검산
A1: 날짜로 읽히는 칸 수 | B1: =SUMPRODUCT(--ISNUMBER(대장!A4:A19)) -> 15
A2: 비어 있지 않은 칸 수 | B2: =COUNTA(대장!A4:A19) -> 15

Sheet 정리 전
A1: 항목 | B1: 값
A2: 부서가 적힌 행 수 | B2: 15
A3: 금액 합계 | B3: 34320000
A4: 부서 표기 수 | B4: 6
A6: 부서 표기 | B6: 건수
A7: 영업1팀 | B7: 4
A8: 영업 1팀 | B8: 1
A9: 영업2팀 | B9: 4
A10: 영업1 팀 | B10: 1
A11: 영업3팀 | B11: 4
A12: 영업 2팀 | B12: 1

Sheet 정리후보
A1: 시트 | B1: 판정 | C1: ① 차트 | D1: ② 사람이 읽을 글 | E1: ③ 이름이 글자로 적힌 곳
A2: 월별 | B2: 쓴다 | C2: 있다(월별 차트) | D2: 없다 | E2: 없다
A3: 담당자 | B3: 쓴다 | C3: 없다 | D3: 있다(이름·소속 표) | E3: 없다
A4: 백업_0402 | B4: 모름 | C4: 없다 | D4: 없다 | E4: 없다
A5: 읽어주세요 | B5: 쓴다 | C5: 없다 | D5: 있다(쓰는 법 안내) | E5: 있다(백업_0402 이름이 적혀 있다)

Sheet 대장
A1: 부서 매출 관리대장 (2026년 상반기)
A2: 작성: 전임자
A3: 일자 | B3: 부서 | C3: 구분 | D3: 금액 | E3: 담당 | F3: 비고 | G3: 검토
A4: 46030 | B4: 영업1팀 | C4: 정기 | D4: 1240000 | E4: 김선우 | G4: =IF(D4>=3000000,"확인 필요","")
A5: 46037 | B5: 영업1팀 | C5: 신규 | D5: 880000 | E5: 김선우 | F5: 분기 이월 | G5: =IF(D5>=3000000,"확인 필요","")
A6: 46044 | B6: 영업2팀 | C6: 정기 | D6: 3050000 | E6: 박도현 | G6: =IF(D6>=3000000,"확인 필요","") -> 확인 필요
A7: 46056 | B7: 영업2팀 | C7: 신규 | D7: 2100000 | E7: 박도현 | G7: =IF(D7>=3000000,"확인 필요","")
A8: 46067 | B8: 영업1팀 | C8: 정기 | D8: 1760000 | E8: 김선우 | G8: =IF(D8>=3000000,"확인 필요","")
A9: 46080 | B9: 영업3팀 | C9: 신규 | D9: 4310000 | E9: 이하람 | F9: 특판 | G9: =IF(D9>=3000000,"확인 필요","") -> 확인 필요
A10: 46086 | B10: 영업3팀 | C10: 정기 | D10: 2650000 | E10: 이하람 | G10: =IF(D10>=3000000,"확인 필요","")
A11: 46092 | B11: 영업1팀 | C11: 신규 | D11: 1020000 | E11: 정유진 | G11: =IF(D11>=3000000,"확인 필요","")
G12: =IF(D12>=3000000,"확인 필요","")
A13: 46100 | B13: 영업2팀 | C13: 정기 | D13: 3480000 | E13: 박도현 | G13: =IF(D13>=3000000,"확인 필요","") -> 확인 필요
A14: 46107 | B14: 영업2팀 | C14: 신규 | D14: 1950000 | E14: 정유진 | F14: 재계약 | G14: =IF(D14>=3000000,"확인 필요","")
A15: 46114 | B15: 영업3팀 | C15: 정기 | D15: 2240000 | E15: 이하람 | G15: =IF(D15>=3000000,"확인 필요","")
A16: 46128 | B16: 영업1팀 | C16: 정기 | D16: 1430000 | E16: 김선우 | G16: =IF(D16>=3000000,"확인 필요","")
A17: 46135 | B17: 영업2팀 | C17: 신규 | D17: 2870000 | E17: 박도현 | G17: =IF(D17>=3000000,"확인 필요","")
A18: 46149 | B18: 영업3팀 | C18: 신규 | D18: 3760000 | E18: 정유진 | G18: =IF(D18>=3000000,"확인 필요","") -> 확인 필요
A19: 46163 | B19: 영업1팀 | C19: 정기 | D19: 1580000 | E19: 김선우 | F19: 단가 조정 | G19: =IF(D19>=3000000,"확인 필요","")

Sheet 기준
A1: 부서별 목표와 요율
A2: 부서 | B2: 목표금액 | C2: 적용요율
A3: 영업1팀 | B3: 6000000 | C3: 0.04
A4: 영업2팀 | B4: 12000000 | C4: 0.045
A5: 영업3팀 | B5: 11000000 | C5: 0.05
A7: 구분 | B7: 요율
A8: 정기 | B8: 0.03
A9: 신규 | B9: 0.05
A10: 특판 | B10: 0.07

Sheet 정산
A1: 부서별 정산
A2: 부서 | B2: 매출합계 | C2: 달성률 | D2: 정산액
A3: 영업1팀 | B3: =SUMIF(대장!$B$4:$B$19,A3,대장!$D$4:$D$19) -> 7910000 | C3: =IFERROR(B3/VLOOKUP(A3,기준!$A$3:$B$5,2,FALSE),"") -> 1.3183333 | D3: =IFERROR(ROUND(IF(SUMIF(대장!$B$4:$B$19,A3,대장!$D$4:$D$19)>=VLOOKUP(A3,기준!$A$3:$B$5,2,FALSE),SUMIF(대장!$B$4:$B$19,A3,대장!$D$4:$D$19)*기준요율+IF(COUNTIF(대장!$B$4:$B$19,A3)>4,성과가산,0),SUMIF(대장!$B$4:$B$19,A3,대장!$D$4:$D$19)*기준요율*0.5),-3),0) -> 537000
A4: 영업2팀 | B4: =SUMIF(대장!$B$4:$B$19,A4,대장!$D$4:$D$19) -> 13450000 | C4: =IFERROR(B4/VLOOKUP(A4,기준!$A$3:$B$5,2,FALSE),"") -> 1.1208333 | D4: =IFERROR(ROUND(IF(SUMIF(대장!$B$4:$B$19,A4,대장!$D$4:$D$19)>=VLOOKUP(A4,기준!$A$3:$B$5,2,FALSE),SUMIF(대장!$B$4:$B$19,A4,대장!$D$4:$D$19)*기준요율+IF(COUNTIF(대장!$B$4:$B$19,A4)>4,성과가산,0),SUMIF(대장!$B$4:$B$19,A4,대장!$D$4:$D$19)*기준요율*0.5),-3),0) -> 704000
A5: 영업3팀 | B5: =SUMIF(대장!$B$4:$B$19,A5,대장!$D$4:$D$19) -> 12960000 | C5: =IFERROR(B5/VLOOKUP(A5,기준!$A$3:$B$5,2,FALSE),"") -> 1.1781818 | D5: =IFERROR(ROUND(IF(SUMIF(대장!$B$4:$B$19,A5,대장!$D$4:$D$19)>=VLOOKUP(A5,기준!$A$3:$B$5,2,FALSE),SUMIF(대장!$B$4:$B$19,A5,대장!$D$4:$D$19)*기준요율+IF(COUNTIF(대장!$B$4:$B$19,A5)>4,성과가산,0),SUMIF(대장!$B$4:$B$19,A5,대장!$D$4:$D$19)*기준요율*0.5),-3),0) -> 389000
A7: 합계 | B7: =SUM(B3:B5) -> 34320000 | D7: =SUM(D3:D5) -> 1630000

Sheet 월별
A1: 월 | B1: 매출
A2: 1월 | B2: 5170000
A3: 2월 | B3: 8170000
A4: 3월 | B4: 9340000
A5: 4월 | B5: 6540000
A6: 5월 | B6: 5340000

Sheet 담당자
A1: 이름 | B1: 소속 | C1: 입사일
A2: 김선우 | B2: 영업1팀 | C2: 2024-03-01
A3: 박도현 | B3: 영업2팀 | C3: 2023-11-15
A4: 이하람 | B4: 영업3팀 | C4: 2025-01-06
A5: 정유진 | B5: 영업1팀 | C5: 2025-09-01

Sheet 읽어주세요
A1: 이 파일은 2024년부터 쓰던 양식입니다.
A2: 정산 시트 D열 수식은 전임자가 만든 것으로, 손대기 전에 반드시 사본을 두세요.
A3: 부서 이름 표기가 일부 다릅니다. 고치다가 합계가 틀어진 적이 있습니다.
A4: 백업_0402 시트는 지워도 되는지 아무도 모릅니다.
