Workbook

Sheet 검산
A1: 손 검산(이현우) | B1: =3870000+1068000+256000 -> 5194000
A2: 집계의 이현우 금액 | B2: =집계!B2 -> 5194000
A3: 음성 대조(A4 를 바꾸었을 때 이현우 금액) | B3: 4126000
A4: 집계 합계 | B4: =집계!B6 -> 11874000
A5: 매출 합계 | B5: =매출!E12 -> 13338000
A6: 같은가 | B6: =IF(B4=B5,"같음","다름") -> 다름

Sheet 집계
A1: 담당자 | B1: 금액 | C1: 건수
A2: 이현우 | B2: =SUMIF(매출!$A$2:$A$11,A2,매출!$E$2:$E$11) -> 5194000 | C2: =COUNTIF(매출!$A$2:$A$11,A2) -> 3
A3: 강민서 | B3: =SUMIF(매출!$A$2:$A$11,A3,매출!$E$2:$E$11) -> 4130000 | C3: =COUNTIF(매출!$A$2:$A$11,A3) -> 2
A4: 서지호 | B4: =SUMIF(매출!$A$2:$A$11,A4,매출!$E$2:$E$11) -> 2550000 | C4: =COUNTIF(매출!$A$2:$A$11,A4) -> 3
A5: 한소율 | B5: =SUMIF(매출!$A$2:$A$11,A5,매출!$E$2:$E$11) -> 1464000 | C5: =COUNTIF(매출!$A$2:$A$11,A5) -> 2
A6: 합계 | B6: =SUM(B2:B4) -> 11874000 | C6: =SUM(C2:C5) -> 10

Sheet 매출
A1: 담당자 | B1: 품목 | C1: 수량 | D1: 단가 | E1: 금액
A2: 이현우 | B2: 노트북 | C2: 3 | D2: 1290000 | E2: =C2*D2 -> 3870000
A3: 강민서 | B3: 모니터 | C3: 5 | D3: 310000 | E3: =C3*D3 -> 1550000
A4: 이현우 | B4: 키보드 | C4: 12 | D4: 89000 | E4: =C4*D4 -> 1068000
A5: 서지호 | B5: 노트북 | C5: 1 | D5: 1290000 | E5: =C5*D5 -> 1290000
A6: 강민서 | B6: 노트북 | C6: 2 | D6: 1290000 | E6: =C6*D6 -> 2580000
A7: 서지호 | B7: 마우스 | C7: 20 | D7: 32000 | E7: =C7*D7 -> 640000
A8: 한소율 | B8: 모니터 | C8: 3 | D8: 310000 | E8: =C8*D8 -> 930000
A9: 이현우 | B9: 마우스 | C9: 8 | D9: 32000 | E9: =C9*D9 -> 256000
A10: 한소율 | B10: 키보드 | C10: 6 | D10: 89000 | E10: =C10*D10 -> 534000
A11: 서지호 | B11: 모니터 | C11: 2 | D11: 310000 | E11: =C11*D11 -> 620000
D12: 합계 | E12: =SUM(E2:E11) -> 13338000
