Workbook
Name 기준요율: 기준!$B$8
Name 대장범위: 대장!$A$3:$F$19
Name 성과가산: 300000
Name 정산대상: 정산!$A$3:$A$5

Sheet 대장
A1: 부서 매출 관리대장 (2026년 상반기)
A2: 작성: 전임자
A3: 일자 | B3: 부서 | C3: 구분 | D3: 금액 | E3: 담당 | F3: 비고
A4: 2026-01-08 | B4: 영업1팀 | C4: 정기 | D4: 1240000 | E4: 김선우
A5: 2026-01-15 | B5: 영업 1팀 | C5: 신규 | D5: 880000 | E5: 김선우 | F5: 분기 이월
A6: 2026.01.22 | B6: 영업2팀 | C6: 정기 | D6: 3050000 | E6: 박도현
A7: 2026-02-03 | B7: 영업2팀 | C7: 신규 | D7: 2100000 | E7: 박도현
A8: 2026년 2월 14일 | B8: 영업1 팀 | C8: 정기 | D8: 1760000 | E8: 김선우
A9: 2026-02-27 | B9: 영업3팀 | C9: 신규 | D9: 4310000 | E9: 이하람 | F9: 특판
A10: 2026-03-05 | B10: 영업3팀 | C10: 정기 | D10: 2650000 | E10: 이하람
A11: 2026-03-11 | B11: 영업1팀 | C11: 신규 | D11: 1020000 | E11: 정유진
A13: 2026-03-19 | B13: 영업2팀 | C13: 정기 | D13: 3480000 | E13: 박도현
A14: 2026-03-26 | B14: 영업 2팀 | C14: 신규 | D14: 1950000 | E14: 정유진 | F14: 재계약
A15: 2026-04-02 | B15: 영업3팀 | C15: 정기 | D15: 2240000 | E15: 이하람
A16: 2026-04-16 | B16: 영업1팀 | C16: 정기 | D16: 1430000 | E16: 김선우
A17: 2026.04.23 | B17: 영업2팀 | C17: 신규 | D17: 2870000 | E17: 박도현
A18: 2026-05-07 | B18: 영업3팀 | C18: 신규 | D18: 3760000 | E18: 정유진
A19: 2026-05-21 | B19: 영업1팀 | C19: 정기 | D19: 1580000 | E19: 김선우 | F19: 단가 조정

Sheet 기준
A1: 부서별 목표와 요율
A2: 부서 | B2: 목표금액 | C2: 적용요율
A3: 영업1팀 | B3: 6000000 | C3: 0.04
A4: 영업2팀 | B4: 12000000 | C4: 0.045
A5: 영업3팀 | B5: 11000000 | C5: 0.05
A7: 구분 | B7: 요율
A8: 정기 | B8: 0.03
A9: 신규 | B9: 0.05
A10: 특판 | B10: 0.07

Sheet 정산
A1: 부서별 정산
A2: 부서 | B2: 매출합계 | C2: 달성률 | D2: 정산액
A3: 영업1팀 | B3: =SUMIF(대장!$B$4:$B$19,A3,대장!$D$4:$D$19) -> 5270000 | C3: =IFERROR(B3/VLOOKUP(A3,기준!$A$3:$B$5,2,FALSE),"") -> 0.87833333 | D3: =IFERROR(ROUND(IF(SUMIF(대장!$B$4:$B$19,A3,대장!$D$4:$D$19)>=VLOOKUP(A3,기준!$A$3:$B$5,2,FALSE),SUMIF(대장!$B$4:$B$19,A3,대장!$D$4:$D$19)*기준요율+IF(COUNTIF(대장!$B$4:$B$19,A3)>4,성과가산,0),SUMIF(대장!$B$4:$B$19,A3,대장!$D$4:$D$19)*기준요율*0.5),-3),0) -> 79000
A4: 영업2팀 | B4: =SUMIF(대장!$B$4:$B$19,A4,대장!$D$4:$D$19) -> 11500000 | C4: =IFERROR(B4/VLOOKUP(A4,기준!$A$3:$B$5,2,FALSE),"") -> 0.95833333 | D4: =IFERROR(ROUND(IF(SUMIF(대장!$B$4:$B$19,A4,대장!$D$4:$D$19)>=VLOOKUP(A4,기준!$A$3:$B$5,2,FALSE),SUMIF(대장!$B$4:$B$19,A4,대장!$D$4:$D$19)*기준요율+IF(COUNTIF(대장!$B$4:$B$19,A4)>4,성과가산,0),SUMIF(대장!$B$4:$B$19,A4,대장!$D$4:$D$19)*기준요율*0.5),-3),0) -> 173000
A5: 영업3팀 | B5: =SUMIF(대장!$B$4:$B$19,A5,대장!$D$4:$D$19) -> 12960000 | C5: =IFERROR(B5/VLOOKUP(A5,기준!$A$3:$B$5,2,FALSE),"") -> 1.1781818 | D5: =IFERROR(ROUND(IF(SUMIF(대장!$B$4:$B$19,A5,대장!$D$4:$D$19)>=VLOOKUP(A5,기준!$A$3:$B$5,2,FALSE),SUMIF(대장!$B$4:$B$19,A5,대장!$D$4:$D$19)*기준요율+IF(COUNTIF(대장!$B$4:$B$19,A5)>4,성과가산,0),SUMIF(대장!$B$4:$B$19,A5,대장!$D$4:$D$19)*기준요율*0.5),-3),0) -> 389000
A7: 합계 | B7: =SUM(B3:B5) -> 29730000 | D7: =SUM(D3:D5) -> 641000

Sheet 월별
A1: 월 | B1: 매출
A2: 1월 | B2: 5170000
A3: 2월 | B3: 8170000
A4: 3월 | B4: 9340000
A5: 4월 | B5: 6540000
A6: 5월 | B6: 5340000

Sheet 담당자
A1: 이름 | B1: 소속 | C1: 입사일
A2: 김선우 | B2: 영업1팀 | C2: 2024-03-01
A3: 박도현 | B3: 영업2팀 | C3: 2023-11-15
A4: 이하람 | B4: 영업3팀 | C4: 2025-01-06
A5: 정유진 | B5: 영업1팀 | C5: 2025-09-01

Sheet 백업_0402
A1: 2026-04-02 백업본
A2: 일자 | B2: 부서 | C2: 금액
A3: 2026-01-08 | B3: 영업1팀 | C3: 1240000
A4: 2026-01-15 | B4: 영업 1팀 | C4: 880000
A5: 2026.01.22 | B5: 영업2팀 | C5: 3050000
A6: 2026-02-03 | B6: 영업2팀 | C6: 2100000
A7: 2026년 2월 14일 | B7: 영업1 팀 | C7: 1760000
A8: 2026-02-27 | B8: 영업3팀 | C8: 4310000

Sheet 읽어주세요
A1: 이 파일은 2024년부터 쓰던 양식입니다.
A2: 정산 시트 D열 수식은 전임자가 만든 것으로, 손대기 전에 반드시 사본을 두세요.
A3: 부서 이름 표기가 일부 다릅니다. 고치다가 합계가 틀어진 적이 있습니다.
A4: 백업_0402 시트는 지워도 되는지 아무도 모릅니다.

Sheet 검사기
A1: 항목 | B1: 값 | C1: 기준 | D1: 판정
A2: 부서가 적힌 줄 수 | B2: =COUNTA(대장!B4:B19) -> 15 | C2: =B2 -> 15 | D2: =IF(B2=C2,"통과","확인") -> 통과
A3: 금액 총합 | B3: =SUM(대장!D4:D19) -> 34320000 | C3: =B3 -> 34320000 | D3: =IF(B3=C3,"통과","확인") -> 통과
A4: 부서는 있는데 금액이 빈 줄 수 | B4: =COUNTIFS(대장!B4:B19,"<>",대장!D4:D19,"") -> 0 | C4: =B4 -> 0 | D4: =IF(B4=C4,"통과","확인") -> 통과
A5: 금액이 음수인 줄 수 | B5: =COUNTIF(대장!D4:D19,"<0") -> 0 | C5: =B5 -> 0 | D5: =IF(B5=C5,"통과","확인") -> 통과
A6: 금액이 1억을 넘는 줄 수 | B6: =COUNTIF(대장!D4:D19,">100000000") -> 0 | C6: =B6 -> 0 | D6: =IF(B6=C6,"통과","확인") -> 통과
A7: 부서 표기 가짓수 | B7: =SUMPRODUCT((대장!B4:B19<>"")/COUNTIF(대장!B4:B19,대장!B4:B19&"")) -> 6 | C7: =B7 -> 6 | D7: =IF(B7=C7,"통과","확인") -> 통과
A8: 부서는 있는데 담당이 빈 줄 수 | B8: =COUNTIFS(대장!B4:B19,"<>",대장!E4:E19,"") -> 0 | C8: =B8 -> 0 | D8: =IF(B8=C8,"통과","확인") -> 통과
A9: 중복 줄 수(일자+부서+금액이 같은 줄) | B9: =SUMPRODUCT((대장!B4:B19<>"")*(COUNTIFS(대장!A4:A19,대장!A4:A19,대장!B4:B19,대장!B4:B19,대장!D4:D19,대장!D4:D19)>1)) -> 0 | C9: =B9 -> 0 | D9: =IF(B9=C9,"통과","확인") -> 통과
